{
  "name": "Waystone",
  "icon": "enchanted:bound_waystone",
  "category": "enchanted:binding",
  "pages": [
    {
      "type": "enchanted:rite_description",
      "rite_name": "Waystone",
      "text": "Perform this rite to bind the location of the circle used to a waystone, to be used in other location based rites."
    },
    {
      "type": "enchanted:rite_requirements",
      "rite": "enchanted:binding_waystone"
    },
    {
      "type": "enchanted:rite_description",
      "rite_name": "Waystone",
      "text": "Perform this rite to bind the location of the circle used to a waystone, to be used in other location based rites."
    },
    {
      "type": "enchanted:rite_requirements",
      "rite": "enchanted:binding_waystone_charged"
    },
    {
      "type": "enchanted:rite_description",
      "rite_name": "Waystone Duplication",
      "text": "Transfer the bound location of a waystone to another waystone, to create two identical waystones."
    },
    {
      "type": "enchanted:rite_requirements",
      "rite": "enchanted:binding_waystone_duplicate"
    },
    {
      "type": "enchanted:rite_description",
      "rite_name": "Waystone Duplication",
      "text": "Transfer the bound location of a waystone to another waystone, to create two identical waystones."
    },
    {
      "type": "enchanted:rite_requirements",
      "rite": "enchanted:binding_waystone_duplicate_charged"
    },
    {
      "type": "enchanted:rite_description",
      "rite_name": "Blooded Waystone",
      "text": "This rite binds a waystone to the location of a player, which will move as the player moves."
    },
    {
      "type": "enchanted:rite_requirements",
      "rite": "enchanted:binding_waystone_player"
    },
    {
      "type": "enchanted:rite_description",
      "rite_name": "Blooded Waystone",
      "text": "This rite binds a waystone to the location of a player, which will move as the player moves."
    },
    {
      "type": "enchanted:rite_requirements",
      "rite": "enchanted:binding_waystone_player_charged"
    }
  ],
  "read_by_default": true
}