{
  "name": "Infernal Chalk",
  "icon": "enchanted:chalk_red",
  "category": "enchanted:performing_rites",
  "pages": [
    {
      "type": "patchouli:text",
      "text": "Infernal chalk is a deep red chalk which appears to be burning. $(br2)Infernal chalk is used for most rites involving the nether, demonic beings or fire. Must be created in a cauldron."
    },
    {
      "type": "enchanted:cauldron_recipe",
      "recipe": "enchanted:cauldron_chalk_red"
    }
  ],
  "read_by_default": true
}