{
  "name": "Curse of Misfortune",
  "icon": "minecraft:ender_eye",
  "category": "enchanted:curses",
  "pages": [
    {
      "type": "enchanted:rite_description",
      "rite_name": "Curse of Misfortune",
      "text": "Curse the afflicated to become prone to occasionally gaining an unfortunate effect such as weakness or mining fatigue."
    },
    {
      "type": "enchanted:rite_requirements",
      "rite": "enchanted:curse_of_misfortune"
    }
  ],
  "read_by_default": true,
  "sortnum": 2
}