{
  "name": "Summon Entity",
  "icon": "minecraft:ender_eye",
  "category": "enchanted:transposition",
  "pages": [
    {
      "type": "enchanted:rite_description",
      "rite_name": "Summon Entity",
      "text": "Summon the taglocked being, causing them to teleport to the casting circle. Large chance for failure on Witch Hunters. $(br2)Unloaded or despawned entities cannot be summoned."
    },
    {
      "type": "enchanted:rite_requirements",
      "rite": "enchanted:summoning_entity"
    }
  ],
  "read_by_default": true
}