{
  "name": "Arthana",
  "icon": "enchanted:arthana",
  "category": "enchanted:tools",
  "pages": [
    {
      "type": "patchouli:text",
      "text": "The arthana is a ritual knife typically used for sacrifice, which allows mobs to drop rare magical materials. The materials possible are listed below:$(br2)$(bold)Wolf$() Tongue of Dog$(br)$(bold)Creeper$() Creeper heart$(br)$(bold)Bat$() Wool of Bat"
    },
    {
      "type": "patchouli:crafting",
      "recipe": "enchanted:arthana"
    }
  ],
  "read_by_default": true
}