{
  "name": "Witchcraft: Brewing",
  "icon": "patchouli:textures/items/book_purple.png",
  "category": "enchanted:additional_resources",
  "pages": [
    {
      "type": "patchouli:text",
      "text": "Brewing is an essential skill for any Witch or Warlock, but is too in depth to cover in this book. Please see the Witchcraft: Brewing book as shown in the crafting recipe."
    },
    {
      "type": "patchouli:crafting",
      "recipe": "enchanted:book_brewing"
    }
  ],
  "read_by_default": false,
  "sortnum": 2
}