{
  "name": "Armour",
  "icon": "enchanted:armour_poppet",
  "category": "enchanted:infusing_poppets",
  "pages": [
    {
      "type": "patchouli:text",
      "text": "Armour poppets protect a piece of armour equipped by beneficiary when it breaks.$(br2)$(bold)Sturdy$() One extra use.$(br)$(bold)Infused$() Returns the armour to full durability"
    },
    {
      "type": "enchanted:spinning_wheel_recipe",
      "recipe": "enchanted:spin_armour_poppet"
    }
  ],
  "read_by_default": true,
  "priority": false
}