{
  "name": "Hunger",
  "icon": "enchanted:hunger_poppet",
  "category": "enchanted:infusing_poppets",
  "pages": [
    {
      "type": "patchouli:text",
      "text": "Hunger poppets protect the beneficiary from death by starvation.$(br2)$(bold)Sturdy$() One extra use.$(br)$(bold)Infused$() Grants 5 seconds of saturation."
    },
    {
      "type": "enchanted:spinning_wheel_recipe",
      "recipe": "enchanted:spin_hunger_poppet"
    }
  ],
  "read_by_default": true,
  "priority": false
}