{
  "name": "Sturdy Poppets",
  "icon": "enchanted:poppet_sturdy",
  "category": "enchanted:creating_poppets",
  "pages": [
    {
      "type": "patchouli:text",
      "text": "The sturdy poppet is an upgraded version of a poppet which will allow the doll to be used twice. They can be used in place of a normal poppet in a spinning wheel.$(br2)Sturdy poppets have no failure chance."
    },
    {
      "type": "enchanted:spinning_wheel_recipe",
      "recipe": "enchanted:spin_poppet_sturdy"
    }
  ],
  "read_by_default": false,
  "priority": false
}