{
  "name": "Infused Poppets",
  "icon": "enchanted:poppet_infused",
  "category": "enchanted:creating_poppets",
  "pages": [
    {
      "type": "patchouli:text",
      "text": "The infused poppet is an upgraded version of a poppet which will strengthen the effects of the doll. They can be used in place of a normal poppet in a spinning wheel.$(br2)Infused poppets have no failure chance."
    },
    {
      "type": "enchanted:spinning_wheel_recipe",
      "recipe": "enchanted:spin_poppet_infused"
    }
  ],
  "read_by_default": false,
  "priority": false
}