{
  "name": "Spinning Wheel",
  "icon": "enchanted:spinning_wheel",
  "category": "enchanted:creating_poppets",
  "pages": [
    {
      "type": "patchouli:text",
      "text": "The spinning wheel is a device used to weave materials together, for example in a poppet. $(br2)Place the required items into the spinning wheel and provide sufficient  power from an altar to weave items together."
    },
    {
      "type": "patchouli:crafting",
      "recipe": "enchanted:spinning_wheel"
    }
  ],
  "read_by_default": false,
  "priority": true,
  "sortnum": -2
}