{
  "name": "Tool",
  "icon": "enchanted:tool_poppet",
  "category": "enchanted:infusing_poppets",
  "pages": [
    {
      "type": "patchouli:text",
      "text": "Tool poppets protect a tool in the beneficiary's hand when it breaks.$(br2)$(bold)Sturdy$() One extra use.$(br)$(bold)Infused$() Returns the tool to full durability"
    },
    {
      "type": "enchanted:spinning_wheel_recipe",
      "recipe": "enchanted:spin_tool_poppet"
    }
  ],
  "read_by_default": true,
  "priority": false
}