{
  "name": "Void",
  "icon": "enchanted:void_poppet",
  "category": "enchanted:infusing_poppets",
  "pages": [
    {
      "type": "patchouli:text",
      "text": "Void poppets protect the beneficiary from death by void (out of world) damage and teleports them far into the sky.$(br2)$(bold)Sturdy$() One extra use.$(br)$(bold)Infused$() Grants 7.5 seconds of fall resistance."
    },
    {
      "type": "enchanted:spinning_wheel_recipe",
      "recipe": "enchanted:spin_void_poppet"
    }
  ],
  "read_by_default": true,
  "priority": false
}