{
  "name": "Water",
  "icon": "enchanted:water_poppet",
  "category": "enchanted:infusing_poppets",
  "pages": [
    {
      "type": "patchouli:text",
      "text": "Water poppets protect the beneficiary from death by drowning, they will also prevent death by drowning for 5 seconds.$(br2)$(bold)Sturdy$() One extra use.$(br)$(bold)Infused$() 10 seconds of water breathing."
    },
    {
      "type": "enchanted:spinning_wheel_recipe",
      "recipe": "enchanted:spin_water_poppet"
    }
  ],
  "read_by_default": true,
  "priority": false
}