{
  "name": "Witchcraft: Circle Magic",
  "landing_text": "$(bold)Introduction$()$(br)Circle magic is the practice of using chalk circles or other materials in combination with foci items to collect magical energy from the environment and achieve the intended affect. This book details a number of useful Rites and Rituals.",
  "version": 1,
  "show_progress": false,
  "creative_tab": "enchanted.main",
  "model": "patchouli:book_purple",
  "book_texture": "patchouli:textures/gui/book_purple.png",
  "filler_texture": "enchanted:textures/patchouli/empty_128.png"
}