{
  "processor": "com.favouriteless.enchanted.api.patchouli.processors.SpinningWheelRecipeProcessor",
  "components": [
    {
      "type": "patchouli:header",
      "text": "Spinning Wheel",
      "centered": true,
      "x": -1,
      "y": -1
    },
    {
      "type": "patchouli:separator",
      "x": -1,
      "y": -1
    },
    {
      "type": "patchouli:image",
      "image": "enchanted:textures/patchouli/spinning_wheel_background.png",
      "width": 89,
      "height": 113,
      "texture_width": 128,
      "texture_height": 128,
      "x": 14,
      "y": 22
    },
    {
      "type": "patchouli:item",
      "item": "#in0",
      "framed": true,
      "x": 50,
      "y": 24
    },
    {
      "type": "patchouli:item",
      "item": "#in1",
      "framed": true,
      "x": 16,
      "y": 97
    },
    {
      "type": "patchouli:item",
      "item": "#in2",
      "framed": true,
      "x": 85,
      "y": 97
    },
    {
      "type": "patchouli:item",
      "item": "#out",
      "framed": false,
      "x": 50,
      "y": 66
    }
  ]
}