{
  "name": "The Art of Witchcraft",
  "landing_text": "$(bold)Introduction$()$(br)Witchcraft is the art of using seemingly mundane objects and their magical properties to achieve an intended effect. This book is to help understand the basics of the art.",
  "version": 1,
  "show_progress": false,
  "creative_tab": "enchanted.main",
  "model": "patchouli:book_purple",
  "book_texture": "patchouli:textures/gui/book_purple.png",
  "filler_texture": "enchanted:textures/patchouli/empty_128.png"
}