{
  "name": "Boiling Food",
  "icon": "minecraft:cooked_beef",
  "category": "enchanted:cauldron",
  "pages": [
    {
      "type": "patchouli:text",
      "text": "Another use for a witch's cauldron is to boil food to cook it without requiring fuel. This is an effective method of cooking and works with any food. $(br2)Currently only works on vanilla foods, will add more later."
    },
    {
      "type": "enchanted:cauldron_recipe",
      "recipe": "enchanted:cauldron_beef"
    }
  ],
  "read_by_default": true
}