{
  "name": "Drop of Luck",
  "icon": "enchanted:drop_of_luck",
  "category": "enchanted:cauldron",
  "pages": [
    {
      "type": "patchouli:text",
      "text": "Drop of luck is a liquid which enhances the luck of anybody who drinks it, and can be used in rites or the creation of magickal items. It's main uses are in poppets and brews."
    },
    {
      "type": "enchanted:cauldron_recipe",
      "recipe": "enchanted:cauldron_drop_of_luck"
    }
  ],
  "read_by_default": true
}