{
  "name": "Flying Ointment",
  "icon": "enchanted:flying_ointment",
  "category": "enchanted:kettle",
  "pages": [
    {
      "type": "patchouli:text",
      "text": "Flying ointment is a liquid which seems to defy gravity. Anything imbued with it will gain the property of flight, including players who drink it.$(br2)Used for infusing broomsticks."
    },
    {
      "type": "enchanted:kettle_recipe",
      "recipe": "enchanted:kettle_flying_ointment"
    }
  ],
  "read_by_default": true
}