{
  "name": "Happenstance Oil",
  "icon": "enchanted:happenstance_oil",
  "category": "enchanted:kettle",
  "pages": [
    {
      "type": "patchouli:text",
      "text": "Happenstance Oil is said to let witches look into the future, and is as such used to infuse Crystal Balls.$(br2)Consuming this will give night vision for a short time."
    },
    {
      "type": "enchanted:kettle_recipe",
      "recipe": "enchanted:kettle_happenstance_oil"
    }
  ],
  "read_by_default": true
}