{
  "name": "Mutandis",
  "icon": "enchanted:mutandis",
  "category": "enchanted:cauldron",
  "pages": [
    {
      "type": "patchouli:text",
      "text": "Mutandis is a mutagen used to mutate plants into other species you could not normally obtain. Using this substance on a small plant such as grass, saplings, and flowers will mutate it into another.$(br2)$(br2)$(br)$(bold)Procurement:$()$(br)Created with a cauldron brew."
    },
    {
      "type": "enchanted:cauldron_recipe",
      "recipe": "enchanted:cauldron_mutandis"
    }
  ],
  "read_by_default": true
}