{
  "name": "Redstone Soup",
  "icon": "enchanted:redstone_soup",
  "category": "enchanted:kettle",
  "pages": [
    {
      "type": "patchouli:text",
      "text": "Redstone Soup acts as a base for other infusions and brews, it seems to have very few effects outside of this. $(br2)Drinking Redstone Soup can increase your health for a short time."
    },
    {
      "type": "enchanted:kettle_recipe",
      "recipe": "enchanted:kettle_redstone_soup"
    }
  ],
  "read_by_default": true
}