{
  "name": "Soul of the World",
  "icon": "enchanted:soul_of_the_world",
  "category": "enchanted:kettle",
  "pages": [
    {
      "type": "patchouli:text",
      "text": "Soul of the World is a derivation of redstone soup imbued with nature's energy, used for human infusions. $(br2)This infusion is extremely toxic and should not be consumed."
    },
    {
      "type": "enchanted:kettle_recipe",
      "recipe": "enchanted:kettle_soul_of_the_world"
    }
  ],
  "read_by_default": true
}