{
  "name": "Spirit of Otherwhere",
  "icon": "enchanted:spirit_of_otherwhere",
  "category": "enchanted:kettle",
  "pages": [
    {
      "type": "patchouli:text",
      "text": "Spirit of Otherwhere is another derivation of redstone soup, imbued with the same properties as the End and it's inhabitants. $(br2)This infusion is extremely toxic and should not be consumed."
    },
    {
      "type": "enchanted:kettle_recipe",
      "recipe": "enchanted:kettle_spirit_of_otherwhere"
    }
  ],
  "read_by_default": true
}