{
  "name": "Witch's Cauldron",
  "icon": "enchanted:witch_cauldron",
  "category": "enchanted:cauldron",
  "pages": [
    {
      "type": "patchouli:text",
      "text": "The witch's cauldron is an upgraded cauldron used to create magical substances and custom brews (WIP). $(br2)The cauldron must be placed over a heat source to boil and may require altar power.$(br2)If a Cauldron does not have sufficient heat or power, the brew will turn brown and spoil, which must be removed."
    },
    {
      "type": "patchouli:multiblock",
      "enable_visualize": false,
      "multiblock": {
        "mapping": {
          "0": "enchanted:witch_cauldron",
          "1": "minecraft:campfire[lit=true]"
        },
        "pattern": [
          [ " 0 " ],
          [ " 1 " ]
        ]
      }
    },
    {
      "type": "patchouli:crafting",
      "recipe": "enchanted:anointing_paste",
      "text": "Use anointing paste on a regular cauldron to turn it into a Witch's cauldron.$(br2)A brew may be created by filling the cauldron with water and dropping the correct items in the correct order into the cauldron."
    }
  ],
  "read_by_default": false,
  "priority": true
}