{
  "processor": "com.favouriteless.enchanted.api.patchouli.processors.WitchOvenRecipeProcessor",
  "components": [
    {
      "type": "patchouli:item",
      "item":  "#input",
      "framed": true,
      "x": 26,
      "y": 0
    },
    {
      "type": "patchouli:item",
      "item":  "#result",
      "framed": true,
      "x": 74,
      "y": 0
    },
    {
      "type": "patchouli:item",
      "item":  "#jar",
      "framed": true,
      "x": 26,
      "y": 28
    },
    {
      "type": "patchouli:item",
      "item":  "#byproduct",
      "framed": true,
      "x": 74,
      "y": 28
    },
    {
      "type": "patchouli:image",
      "image": "enchanted:textures/patchouli/arrow_right.png",
      "width": 22,
      "height": 16,
      "texture_width": 32,
      "texture_height": 32,
      "x": 47,
      "y": 0
    },
    {
      "type": "patchouli:image",
      "image": "enchanted:textures/patchouli/furnace_burn.png",
      "width": 16,
      "height": 16,
      "texture_width": 16,
      "texture_height": 16,
      "x": 50,
      "y": 28
    },
    {
      "type": "patchouli:header",
      "text": "#text",
      "centered": true,
      "x": -1,
      "y": 52
    }
  ]
}