{
  "name": "Mutandis Extremis",
  "icon": "enchanted:mutandis_extremis",
  "category": "enchanted:mutated_plants",
  "pages": [
    {
      "type": "patchouli:text",
      "text": "Mutandis Extremis, an enhanced form of mutandis, is able to mutate multi-stage plants such as cactus, sugar cane and wheat. Additionally, it can do everything normal mutandis can do.$(br2)$(br2)$(br)$(bold)Procurement:$()$(br)Created with a cauldron brew."
    },
    {
      "type": "enchanted:cauldron_recipe",
      "recipe": "enchanted:cauldron_mutandis_extremis"
    }
  ],
  "read_by_default": false,
  "priority": true
}