{
  "name": "Exhale of the Horned One",
  "icon": "enchanted:exhale_of_the_horned_one",
  "category": "enchanted:collecting_fumes",
  "pages": [
    {
      "type": "patchouli:text",
      "text": "The Horned God, sometimes called The Oak King, is a Wiccan deity based on Cernunnos, symbolising wisdom, youth and strength. $(br2)The fumes produced by oaks are said to be The Horned God's exhale, carrying some of the properties associated with him."
    },
    {
      "type": "enchanted:witch_oven_recipe_single",
      "recipe": "enchanted:byproduct_exhale_of_the_horned_one",
      "itemIn": "minecraft:oak_sapling",
      "resultItem": "enchanted:wood_ash"
    }
  ],
  "read_by_default": true
}