{
  "name": "Foul Fume",
  "icon": "enchanted:foul_fume",
  "category": "enchanted:collecting_fumes",
  "pages": [
    {
      "type": "patchouli:text",
      "text": "Sulfur dioxide, referred to as Foul Fumes, is a colourless gas with a very pungent odour. $(br2)Can be toxic at high concentrations, witches should avoid opening the jar."
    },
    {
      "type": "enchanted:witch_oven_recipe_duo",
      "recipe": "enchanted:byproduct_foul_fume",
      "itemIn": "minecraft:jungle_sapling",
      "resultItem": "enchanted:wood_ash",
      "recipe2": "enchanted:byproduct_foul_fume_log",
      "itemIn2": "minecraft:oak_log",
      "resultItem2": "minecraft:charcoal",
      "text2": "Any Log"
    },
    {
      "type": "enchanted:witch_oven_recipe_single",
      "recipe": "enchanted:byproduct_foul_fume_raw_foods",
      "itemIn": "minecraft:beef",
      "resultItem": "minecraft:cooked_beef",
      "text": "Any food"
    }
  ],
  "read_by_default": true
}