{
  "name": "Hint of Rebirth",
  "icon": "enchanted:hint_of_rebirth",
  "category": "enchanted:collecting_fumes",
  "pages": [
    {
      "type": "patchouli:text",
      "text": "In celtic lore, spruce trees are associated with the birth of the divine child and are as such a symbol of rebirth, a common theme within tree mythology.$(br2)Regardless, they make good firewood."
    },
    {
      "type": "enchanted:witch_oven_recipe_single",
      "recipe": "enchanted:byproduct_hint_of_rebirth",
      "itemIn": "minecraft:spruce_sapling",
      "resultItem": "enchanted:wood_ash"
    }
  ],
  "read_by_default": true
}