{
  "name": "Whiff of Magic",
  "icon": "enchanted:whiff_of_magic",
  "category": "enchanted:collecting_fumes",
  "pages": [
    {
      "type": "patchouli:text",
      "text": "The magickal capacity of a Rowan tree is seldom matched, and as such it can be a potent source of energy. $(br2)Whiff of magic is a condensed magickal energy thought to provide some protection against malevolent beings."
    },
    {
      "type": "enchanted:witch_oven_recipe_single",
      "recipe": "enchanted:byproduct_whiff_of_magic",
      "itemIn": "enchanted:rowan_sapling",
      "resultItem": "enchanted:wood_ash"
    }
  ],
  "read_by_default": true
}